--
-- PostgreSQL database dump
--

-- Dumped from database version 17.4
-- Dumped by pg_dump version 17.4

SET statement_timeout = 0;
SET lock_timeout = 0;
SET idle_in_transaction_session_timeout = 0;
SET transaction_timeout = 0;
SET client_encoding = 'UTF8';
SET standard_conforming_strings = on;
SELECT pg_catalog.set_config('search_path', '', false);
SET check_function_bodies = false;
SET xmloption = content;
SET client_min_messages = warning;
SET row_security = off;

SET default_tablespace = '';

SET default_table_access_method = heap;

--
-- Name: aile_bilgileri; Type: TABLE; Schema: public; Owner: postgres
--

CREATE TABLE public.aile_bilgileri (
    id bigint NOT NULL,
    ad character varying(100) NOT NULL,
    soyad character varying(100) NOT NULL,
    kimlik_no character varying(20),
    yakinlik character varying(20) NOT NULL,
    cinsiyet character varying(1) NOT NULL,
    dogum_tarihi date,
    engel_durumu boolean,
    engel_aciklama text,
    dosya_id integer NOT NULL
);


ALTER TABLE public.aile_bilgileri OWNER TO postgres;

--
-- Name: aile_bilgileri_id_seq; Type: SEQUENCE; Schema: public; Owner: postgres
--

ALTER TABLE public.aile_bilgileri ALTER COLUMN id ADD GENERATED BY DEFAULT AS IDENTITY (
    SEQUENCE NAME public.aile_bilgileri_id_seq
    START WITH 1
    INCREMENT BY 1
    NO MINVALUE
    NO MAXVALUE
    CACHE 1
);


--
-- Name: auth_group; Type: TABLE; Schema: public; Owner: postgres
--

CREATE TABLE public.auth_group (
    id integer NOT NULL,
    name character varying(150) NOT NULL
);


ALTER TABLE public.auth_group OWNER TO postgres;

--
-- Name: auth_group_id_seq; Type: SEQUENCE; Schema: public; Owner: postgres
--

ALTER TABLE public.auth_group ALTER COLUMN id ADD GENERATED BY DEFAULT AS IDENTITY (
    SEQUENCE NAME public.auth_group_id_seq
    START WITH 1
    INCREMENT BY 1
    NO MINVALUE
    NO MAXVALUE
    CACHE 1
);


--
-- Name: auth_group_permissions; Type: TABLE; Schema: public; Owner: postgres
--

CREATE TABLE public.auth_group_permissions (
    id bigint NOT NULL,
    group_id integer NOT NULL,
    permission_id integer NOT NULL
);


ALTER TABLE public.auth_group_permissions OWNER TO postgres;

--
-- Name: auth_group_permissions_id_seq; Type: SEQUENCE; Schema: public; Owner: postgres
--

ALTER TABLE public.auth_group_permissions ALTER COLUMN id ADD GENERATED BY DEFAULT AS IDENTITY (
    SEQUENCE NAME public.auth_group_permissions_id_seq
    START WITH 1
    INCREMENT BY 1
    NO MINVALUE
    NO MAXVALUE
    CACHE 1
);


--
-- Name: auth_permission; Type: TABLE; Schema: public; Owner: postgres
--

CREATE TABLE public.auth_permission (
    id integer NOT NULL,
    name character varying(255) NOT NULL,
    content_type_id integer NOT NULL,
    codename character varying(100) NOT NULL
);


ALTER TABLE public.auth_permission OWNER TO postgres;

--
-- Name: auth_permission_id_seq; Type: SEQUENCE; Schema: public; Owner: postgres
--

ALTER TABLE public.auth_permission ALTER COLUMN id ADD GENERATED BY DEFAULT AS IDENTITY (
    SEQUENCE NAME public.auth_permission_id_seq
    START WITH 1
    INCREMENT BY 1
    NO MINVALUE
    NO MAXVALUE
    CACHE 1
);


--
-- Name: auth_user; Type: TABLE; Schema: public; Owner: postgres
--

CREATE TABLE public.auth_user (
    id integer NOT NULL,
    password character varying(128) NOT NULL,
    last_login timestamp with time zone,
    is_superuser boolean NOT NULL,
    username character varying(150) NOT NULL,
    first_name character varying(150) NOT NULL,
    last_name character varying(150) NOT NULL,
    email character varying(254) NOT NULL,
    is_staff boolean NOT NULL,
    is_active boolean NOT NULL,
    date_joined timestamp with time zone NOT NULL
);


ALTER TABLE public.auth_user OWNER TO postgres;

--
-- Name: auth_user_groups; Type: TABLE; Schema: public; Owner: postgres
--

CREATE TABLE public.auth_user_groups (
    id bigint NOT NULL,
    user_id integer NOT NULL,
    group_id integer NOT NULL
);


ALTER TABLE public.auth_user_groups OWNER TO postgres;

--
-- Name: auth_user_groups_id_seq; Type: SEQUENCE; Schema: public; Owner: postgres
--

ALTER TABLE public.auth_user_groups ALTER COLUMN id ADD GENERATED BY DEFAULT AS IDENTITY (
    SEQUENCE NAME public.auth_user_groups_id_seq
    START WITH 1
    INCREMENT BY 1
    NO MINVALUE
    NO MAXVALUE
    CACHE 1
);


--
-- Name: auth_user_id_seq; Type: SEQUENCE; Schema: public; Owner: postgres
--

ALTER TABLE public.auth_user ALTER COLUMN id ADD GENERATED BY DEFAULT AS IDENTITY (
    SEQUENCE NAME public.auth_user_id_seq
    START WITH 1
    INCREMENT BY 1
    NO MINVALUE
    NO MAXVALUE
    CACHE 1
);


--
-- Name: auth_user_user_permissions; Type: TABLE; Schema: public; Owner: postgres
--

CREATE TABLE public.auth_user_user_permissions (
    id bigint NOT NULL,
    user_id integer NOT NULL,
    permission_id integer NOT NULL
);


ALTER TABLE public.auth_user_user_permissions OWNER TO postgres;

--
-- Name: auth_user_user_permissions_id_seq; Type: SEQUENCE; Schema: public; Owner: postgres
--

ALTER TABLE public.auth_user_user_permissions ALTER COLUMN id ADD GENERATED BY DEFAULT AS IDENTITY (
    SEQUENCE NAME public.auth_user_user_permissions_id_seq
    START WITH 1
    INCREMENT BY 1
    NO MINVALUE
    NO MAXVALUE
    CACHE 1
);


--
-- Name: authtoken_token; Type: TABLE; Schema: public; Owner: postgres
--

CREATE TABLE public.authtoken_token (
    key character varying(40) NOT NULL,
    created timestamp with time zone NOT NULL,
    user_id integer NOT NULL
);


ALTER TABLE public.authtoken_token OWNER TO postgres;

--
-- Name: belgeler; Type: TABLE; Schema: public; Owner: postgres
--

CREATE TABLE public.belgeler (
    id bigint NOT NULL,
    belge_turu character varying(50) NOT NULL,
    belge character varying(100) NOT NULL,
    yukleme_tarihi timestamp with time zone NOT NULL,
    dosya_id integer NOT NULL
);


ALTER TABLE public.belgeler OWNER TO postgres;

--
-- Name: belgeler_id_seq; Type: SEQUENCE; Schema: public; Owner: postgres
--

ALTER TABLE public.belgeler ALTER COLUMN id ADD GENERATED BY DEFAULT AS IDENTITY (
    SEQUENCE NAME public.belgeler_id_seq
    START WITH 1
    INCREMENT BY 1
    NO MINVALUE
    NO MAXVALUE
    CACHE 1
);


--
-- Name: django_admin_log; Type: TABLE; Schema: public; Owner: postgres
--

CREATE TABLE public.django_admin_log (
    id integer NOT NULL,
    action_time timestamp with time zone NOT NULL,
    object_id text,
    object_repr character varying(200) NOT NULL,
    action_flag smallint NOT NULL,
    change_message text NOT NULL,
    content_type_id integer,
    user_id integer NOT NULL,
    CONSTRAINT django_admin_log_action_flag_check CHECK ((action_flag >= 0))
);


ALTER TABLE public.django_admin_log OWNER TO postgres;

--
-- Name: django_admin_log_id_seq; Type: SEQUENCE; Schema: public; Owner: postgres
--

ALTER TABLE public.django_admin_log ALTER COLUMN id ADD GENERATED BY DEFAULT AS IDENTITY (
    SEQUENCE NAME public.django_admin_log_id_seq
    START WITH 1
    INCREMENT BY 1
    NO MINVALUE
    NO MAXVALUE
    CACHE 1
);


--
-- Name: django_content_type; Type: TABLE; Schema: public; Owner: postgres
--

CREATE TABLE public.django_content_type (
    id integer NOT NULL,
    app_label character varying(100) NOT NULL,
    model character varying(100) NOT NULL
);


ALTER TABLE public.django_content_type OWNER TO postgres;

--
-- Name: django_content_type_id_seq; Type: SEQUENCE; Schema: public; Owner: postgres
--

ALTER TABLE public.django_content_type ALTER COLUMN id ADD GENERATED BY DEFAULT AS IDENTITY (
    SEQUENCE NAME public.django_content_type_id_seq
    START WITH 1
    INCREMENT BY 1
    NO MINVALUE
    NO MAXVALUE
    CACHE 1
);


--
-- Name: django_migrations; Type: TABLE; Schema: public; Owner: postgres
--

CREATE TABLE public.django_migrations (
    id bigint NOT NULL,
    app character varying(255) NOT NULL,
    name character varying(255) NOT NULL,
    applied timestamp with time zone NOT NULL
);


ALTER TABLE public.django_migrations OWNER TO postgres;

--
-- Name: django_migrations_id_seq; Type: SEQUENCE; Schema: public; Owner: postgres
--

ALTER TABLE public.django_migrations ALTER COLUMN id ADD GENERATED BY DEFAULT AS IDENTITY (
    SEQUENCE NAME public.django_migrations_id_seq
    START WITH 1
    INCREMENT BY 1
    NO MINVALUE
    NO MAXVALUE
    CACHE 1
);


--
-- Name: django_session; Type: TABLE; Schema: public; Owner: postgres
--

CREATE TABLE public.django_session (
    session_key character varying(40) NOT NULL,
    session_data text NOT NULL,
    expire_date timestamp with time zone NOT NULL
);


ALTER TABLE public.django_session OWNER TO postgres;

--
-- Name: dosyalar; Type: TABLE; Schema: public; Owner: postgres
--

CREATE TABLE public.dosyalar (
    id integer NOT NULL,
    dosya_no integer NOT NULL,
    kayit_tarihi date NOT NULL,
    ad character varying(100) NOT NULL,
    soyad character varying(100) NOT NULL,
    kimlik_no character varying(20) NOT NULL,
    profil_resmi character varying(100),
    uyruk character varying(20) NOT NULL,
    telefon character varying(20) NOT NULL,
    ilce character varying(100) NOT NULL,
    mahalle character varying(100) NOT NULL,
    cadde_sokak character varying(100) NOT NULL,
    bina_no character varying(20) NOT NULL,
    daire_no character varying(20) NOT NULL,
    kira_durumu character varying(20) NOT NULL,
    gelir_durumu numeric(10,2) NOT NULL,
    dolduran_kisi character varying(100) NOT NULL,
    iban character varying(50),
    yardim_aldigi_yerler text,
    durum character varying(20) NOT NULL,
    notlar text,
    guncellenme_tarihi timestamp with time zone NOT NULL,
    silinme_tarihi timestamp with time zone,
    is_deleted boolean NOT NULL
);


ALTER TABLE public.dosyalar OWNER TO postgres;

--
-- Name: dosyalar_dosyatutari; Type: TABLE; Schema: public; Owner: postgres
--

CREATE TABLE public.dosyalar_dosyatutari (
    id bigint NOT NULL,
    tutar numeric(10,2) NOT NULL,
    dosya_id integer,
    maddi_yardim_id bigint NOT NULL
);


ALTER TABLE public.dosyalar_dosyatutari OWNER TO postgres;

--
-- Name: dosyalar_dosyatutari_id_seq; Type: SEQUENCE; Schema: public; Owner: postgres
--

ALTER TABLE public.dosyalar_dosyatutari ALTER COLUMN id ADD GENERATED BY DEFAULT AS IDENTITY (
    SEQUENCE NAME public.dosyalar_dosyatutari_id_seq
    START WITH 1
    INCREMENT BY 1
    NO MINVALUE
    NO MAXVALUE
    CACHE 1
);


--
-- Name: dosyalar_id_seq; Type: SEQUENCE; Schema: public; Owner: postgres
--

ALTER TABLE public.dosyalar ALTER COLUMN id ADD GENERATED BY DEFAULT AS IDENTITY (
    SEQUENCE NAME public.dosyalar_id_seq
    START WITH 1
    INCREMENT BY 1
    NO MINVALUE
    NO MAXVALUE
    CACHE 1
);


--
-- Name: dosyalar_maddiyardim; Type: TABLE; Schema: public; Owner: postgres
--

CREATE TABLE public.dosyalar_maddiyardim (
    id bigint NOT NULL,
    tutar numeric(10,2) NOT NULL,
    aciklama text,
    created_at timestamp with time zone NOT NULL,
    updated_at timestamp with time zone NOT NULL,
    yardim_yapan_ad_soyad character varying(100) NOT NULL,
    yardim_yapan_telefon character varying(20) NOT NULL,
    yardim_tutar numeric(10,2) NOT NULL
);


ALTER TABLE public.dosyalar_maddiyardim OWNER TO postgres;

--
-- Name: dosyalar_maddiyardim_id_seq; Type: SEQUENCE; Schema: public; Owner: postgres
--

ALTER TABLE public.dosyalar_maddiyardim ALTER COLUMN id ADD GENERATED BY DEFAULT AS IDENTITY (
    SEQUENCE NAME public.dosyalar_maddiyardim_id_seq
    START WITH 1
    INCREMENT BY 1
    NO MINVALUE
    NO MAXVALUE
    CACHE 1
);


--
-- Name: dosyalar_manuelmaddiyardim; Type: TABLE; Schema: public; Owner: postgres
--

CREATE TABLE public.dosyalar_manuelmaddiyardim (
    id bigint NOT NULL,
    ad_soyad character varying(100) NOT NULL,
    telefon character varying(20) NOT NULL,
    adres text NOT NULL,
    tutar numeric(10,2) NOT NULL,
    aciklama text,
    created_at timestamp with time zone NOT NULL,
    updated_at timestamp with time zone NOT NULL
);


ALTER TABLE public.dosyalar_manuelmaddiyardim OWNER TO postgres;

--
-- Name: dosyalar_manuelmaddiyardim_id_seq; Type: SEQUENCE; Schema: public; Owner: postgres
--

ALTER TABLE public.dosyalar_manuelmaddiyardim ALTER COLUMN id ADD GENERATED BY DEFAULT AS IDENTITY (
    SEQUENCE NAME public.dosyalar_manuelmaddiyardim_id_seq
    START WITH 1
    INCREMENT BY 1
    NO MINVALUE
    NO MAXVALUE
    CACHE 1
);


--
-- Name: dosyalar_sahsiyardim; Type: TABLE; Schema: public; Owner: postgres
--

CREATE TABLE public.dosyalar_sahsiyardim (
    id bigint NOT NULL,
    yardim_tipi character varying(20) NOT NULL,
    ad_soyad character varying(100) NOT NULL,
    telefon character varying(20) NOT NULL,
    grup_uye_sayisi integer,
    created_at timestamp with time zone NOT NULL,
    updated_at timestamp with time zone NOT NULL
);


ALTER TABLE public.dosyalar_sahsiyardim OWNER TO postgres;

--
-- Name: dosyalar_sahsiyardim_dosyalar; Type: TABLE; Schema: public; Owner: postgres
--

CREATE TABLE public.dosyalar_sahsiyardim_dosyalar (
    id bigint NOT NULL,
    sahsiyardim_id bigint NOT NULL,
    dosya_id integer NOT NULL
);


ALTER TABLE public.dosyalar_sahsiyardim_dosyalar OWNER TO postgres;

--
-- Name: dosyalar_sahsiyardim_dosyalar_id_seq; Type: SEQUENCE; Schema: public; Owner: postgres
--

ALTER TABLE public.dosyalar_sahsiyardim_dosyalar ALTER COLUMN id ADD GENERATED BY DEFAULT AS IDENTITY (
    SEQUENCE NAME public.dosyalar_sahsiyardim_dosyalar_id_seq
    START WITH 1
    INCREMENT BY 1
    NO MINVALUE
    NO MAXVALUE
    CACHE 1
);


--
-- Name: dosyalar_sahsiyardim_id_seq; Type: SEQUENCE; Schema: public; Owner: postgres
--

ALTER TABLE public.dosyalar_sahsiyardim ALTER COLUMN id ADD GENERATED BY DEFAULT AS IDENTITY (
    SEQUENCE NAME public.dosyalar_sahsiyardim_id_seq
    START WITH 1
    INCREMENT BY 1
    NO MINVALUE
    NO MAXVALUE
    CACHE 1
);


--
-- Name: dosyalar_sahsiyardimci; Type: TABLE; Schema: public; Owner: postgres
--

CREATE TABLE public.dosyalar_sahsiyardimci (
    id bigint NOT NULL,
    ad_soyad character varying(100) NOT NULL,
    telefon character varying(20) NOT NULL,
    yardim_id bigint NOT NULL
);


ALTER TABLE public.dosyalar_sahsiyardimci OWNER TO postgres;

--
-- Name: dosyalar_sahsiyardimci_id_seq; Type: SEQUENCE; Schema: public; Owner: postgres
--

ALTER TABLE public.dosyalar_sahsiyardimci ALTER COLUMN id ADD GENERATED BY DEFAULT AS IDENTITY (
    SEQUENCE NAME public.dosyalar_sahsiyardimci_id_seq
    START WITH 1
    INCREMENT BY 1
    NO MINVALUE
    NO MAXVALUE
    CACHE 1
);


--
-- Name: durum_degisiklikleri; Type: TABLE; Schema: public; Owner: postgres
--

CREATE TABLE public.durum_degisiklikleri (
    id bigint NOT NULL,
    eski_durum character varying(20) NOT NULL,
    yeni_durum character varying(20) NOT NULL,
    degisiklik_tarihi timestamp with time zone NOT NULL,
    aciklama text,
    degistiren_id integer,
    dosya_id integer NOT NULL
);


ALTER TABLE public.durum_degisiklikleri OWNER TO postgres;

--
-- Name: durum_degisiklikleri_id_seq; Type: SEQUENCE; Schema: public; Owner: postgres
--

ALTER TABLE public.durum_degisiklikleri ALTER COLUMN id ADD GENERATED BY DEFAULT AS IDENTITY (
    SEQUENCE NAME public.durum_degisiklikleri_id_seq
    START WITH 1
    INCREMENT BY 1
    NO MINVALUE
    NO MAXVALUE
    CACHE 1
);


--
-- Name: manuel_maddi_yardim_kayitlar; Type: TABLE; Schema: public; Owner: postgres
--

CREATE TABLE public.manuel_maddi_yardim_kayitlar (
    id bigint NOT NULL,
    ad_soyad character varying(100) NOT NULL,
    tc_kimlik character varying(11) NOT NULL,
    telefon character varying(20) NOT NULL,
    adres text NOT NULL,
    tutar numeric(10,2) NOT NULL,
    aciklama text,
    created_at timestamp with time zone NOT NULL,
    updated_at timestamp with time zone NOT NULL,
    maddi_yardim_id bigint NOT NULL
);


ALTER TABLE public.manuel_maddi_yardim_kayitlar OWNER TO postgres;

--
-- Name: manuel_maddi_yardim_kayitlar_id_seq; Type: SEQUENCE; Schema: public; Owner: postgres
--

ALTER TABLE public.manuel_maddi_yardim_kayitlar ALTER COLUMN id ADD GENERATED BY DEFAULT AS IDENTITY (
    SEQUENCE NAME public.manuel_maddi_yardim_kayitlar_id_seq
    START WITH 1
    INCREMENT BY 1
    NO MINVALUE
    NO MAXVALUE
    CACHE 1
);


--
-- Data for Name: aile_bilgileri; Type: TABLE DATA; Schema: public; Owner: postgres
--

COPY public.aile_bilgileri (id, ad, soyad, kimlik_no, yakinlik, cinsiyet, dogum_tarihi, engel_durumu, engel_aciklama, dosya_id) FROM stdin;
\.


--
-- Data for Name: auth_group; Type: TABLE DATA; Schema: public; Owner: postgres
--

COPY public.auth_group (id, name) FROM stdin;
\.


--
-- Data for Name: auth_group_permissions; Type: TABLE DATA; Schema: public; Owner: postgres
--

COPY public.auth_group_permissions (id, group_id, permission_id) FROM stdin;
\.


--
-- Data for Name: auth_permission; Type: TABLE DATA; Schema: public; Owner: postgres
--

COPY public.auth_permission (id, name, content_type_id, codename) FROM stdin;
1	Can add log entry	1	add_logentry
2	Can change log entry	1	change_logentry
3	Can delete log entry	1	delete_logentry
4	Can view log entry	1	view_logentry
5	Can add permission	2	add_permission
6	Can change permission	2	change_permission
7	Can delete permission	2	delete_permission
8	Can view permission	2	view_permission
9	Can add group	3	add_group
10	Can change group	3	change_group
11	Can delete group	3	delete_group
12	Can view group	3	view_group
13	Can add user	4	add_user
14	Can change user	4	change_user
15	Can delete user	4	delete_user
16	Can view user	4	view_user
17	Can add content type	5	add_contenttype
18	Can change content type	5	change_contenttype
19	Can delete content type	5	delete_contenttype
20	Can view content type	5	view_contenttype
21	Can add session	6	add_session
22	Can change session	6	change_session
23	Can delete session	6	delete_session
24	Can view session	6	view_session
25	Can add Token	7	add_token
26	Can change Token	7	change_token
27	Can delete Token	7	delete_token
28	Can view Token	7	view_token
29	Can add Token	8	add_tokenproxy
30	Can change Token	8	change_tokenproxy
31	Can delete Token	8	delete_tokenproxy
32	Can view Token	8	view_tokenproxy
33	Can add dosya	9	add_dosya
34	Can change dosya	9	change_dosya
35	Can delete dosya	9	delete_dosya
36	Can view dosya	9	view_dosya
37	Can add aile bilgisi	10	add_ailebilgisi
38	Can change aile bilgisi	10	change_ailebilgisi
39	Can delete aile bilgisi	10	delete_ailebilgisi
40	Can view aile bilgisi	10	view_ailebilgisi
41	Can add belge	11	add_belge
42	Can change belge	11	change_belge
43	Can delete belge	11	delete_belge
44	Can view belge	11	view_belge
45	Can add durum degisikligi	12	add_durumdegisikligi
46	Can change durum degisikligi	12	change_durumdegisikligi
47	Can delete durum degisikligi	12	delete_durumdegisikligi
48	Can view durum degisikligi	12	view_durumdegisikligi
49	Can add Maddi Yard─▒m	13	add_maddiyardim
50	Can change Maddi Yard─▒m	13	change_maddiyardim
51	Can delete Maddi Yard─▒m	13	delete_maddiyardim
52	Can view Maddi Yard─▒m	13	view_maddiyardim
53	Can add Dosya Tutar─▒	14	add_dosyatutari
54	Can change Dosya Tutar─▒	14	change_dosyatutari
55	Can delete Dosya Tutar─▒	14	delete_dosyatutari
56	Can view Dosya Tutar─▒	14	view_dosyatutari
57	Can add sahsi yardim	15	add_sahsiyardim
58	Can change sahsi yardim	15	change_sahsiyardim
59	Can delete sahsi yardim	15	delete_sahsiyardim
60	Can view sahsi yardim	15	view_sahsiyardim
61	Can add sahsi yardimci	16	add_sahsiyardimci
62	Can change sahsi yardimci	16	change_sahsiyardimci
63	Can delete sahsi yardimci	16	delete_sahsiyardimci
64	Can view sahsi yardimci	16	view_sahsiyardimci
65	Can add Manuel Maddi Yard─▒m	17	add_manuelmaddiyardim
66	Can change Manuel Maddi Yard─▒m	17	change_manuelmaddiyardim
67	Can delete Manuel Maddi Yard─▒m	17	delete_manuelmaddiyardim
68	Can view Manuel Maddi Yard─▒m	17	view_manuelmaddiyardim
69	Can add Manuel Maddi Yard─▒m Kayd─▒	18	add_manuelmaddiyardimkayit
70	Can change Manuel Maddi Yard─▒m Kayd─▒	18	change_manuelmaddiyardimkayit
71	Can delete Manuel Maddi Yard─▒m Kayd─▒	18	delete_manuelmaddiyardimkayit
72	Can view Manuel Maddi Yard─▒m Kayd─▒	18	view_manuelmaddiyardimkayit
\.


--
-- Data for Name: auth_user; Type: TABLE DATA; Schema: public; Owner: postgres
--

COPY public.auth_user (id, password, last_login, is_superuser, username, first_name, last_name, email, is_staff, is_active, date_joined) FROM stdin;
1	pbkdf2_sha256$1000000$iCD2OoHcN9TzGzQZqBAD3K$tzCyhMzs+P7sPQOsM/dkg1OmmOYZb+Io/yjVT8oZBRU=	2025-05-08 10:02:19.800079+03	t	faruk				t	t	2025-05-08 10:02:10.822735+03
2	pbkdf2_sha256$1000000$kFR57ztx3r5oNAkkzK9hDR$IaJjezwZ46MtAzq6KsDXEjOqWsG1mirb22Kr5yNvW98=	\N	t	osmany─▒ld─▒r─▒m				t	t	2025-05-09 10:54:36.386624+03
\.


--
-- Data for Name: auth_user_groups; Type: TABLE DATA; Schema: public; Owner: postgres
--

COPY public.auth_user_groups (id, user_id, group_id) FROM stdin;
\.


--
-- Data for Name: auth_user_user_permissions; Type: TABLE DATA; Schema: public; Owner: postgres
--

COPY public.auth_user_user_permissions (id, user_id, permission_id) FROM stdin;
\.


--
-- Data for Name: authtoken_token; Type: TABLE DATA; Schema: public; Owner: postgres
--

COPY public.authtoken_token (key, created, user_id) FROM stdin;
\.


--
-- Data for Name: belgeler; Type: TABLE DATA; Schema: public; Owner: postgres
--

COPY public.belgeler (id, belge_turu, belge, yukleme_tarihi, dosya_id) FROM stdin;
\.


--
-- Data for Name: django_admin_log; Type: TABLE DATA; Schema: public; Owner: postgres
--

COPY public.django_admin_log (id, action_time, object_id, object_repr, action_flag, change_message, content_type_id, user_id) FROM stdin;
\.


--
-- Data for Name: django_content_type; Type: TABLE DATA; Schema: public; Owner: postgres
--

COPY public.django_content_type (id, app_label, model) FROM stdin;
1	admin	logentry
2	auth	permission
3	auth	group
4	auth	user
5	contenttypes	contenttype
6	sessions	session
7	authtoken	token
8	authtoken	tokenproxy
9	dosyalar	dosya
10	dosyalar	ailebilgisi
11	dosyalar	belge
12	dosyalar	durumdegisikligi
13	dosyalar	maddiyardim
14	dosyalar	dosyatutari
15	dosyalar	sahsiyardim
16	dosyalar	sahsiyardimci
17	dosyalar	manuelmaddiyardim
18	dosyalar	manuelmaddiyardimkayit
\.


--
-- Data for Name: django_migrations; Type: TABLE DATA; Schema: public; Owner: postgres
--

COPY public.django_migrations (id, app, name, applied) FROM stdin;
1	contenttypes	0001_initial	2025-05-08 09:46:20.707977+03
2	auth	0001_initial	2025-05-08 09:46:20.763571+03
3	admin	0001_initial	2025-05-08 09:46:20.779128+03
4	admin	0002_logentry_remove_auto_add	2025-05-08 09:46:20.786015+03
5	admin	0003_logentry_add_action_flag_choices	2025-05-08 09:46:20.792258+03
6	contenttypes	0002_remove_content_type_name	2025-05-08 09:46:20.805902+03
7	auth	0002_alter_permission_name_max_length	2025-05-08 09:46:20.813268+03
8	auth	0003_alter_user_email_max_length	2025-05-08 09:46:20.819989+03
9	auth	0004_alter_user_username_opts	2025-05-08 09:46:20.825815+03
10	auth	0005_alter_user_last_login_null	2025-05-08 09:46:20.832024+03
11	auth	0006_require_contenttypes_0002	2025-05-08 09:46:20.833054+03
12	auth	0007_alter_validators_add_error_messages	2025-05-08 09:46:20.840306+03
13	auth	0008_alter_user_username_max_length	2025-05-08 09:46:20.849736+03
14	auth	0009_alter_user_last_name_max_length	2025-05-08 09:46:20.856627+03
15	auth	0010_alter_group_name_max_length	2025-05-08 09:46:20.864413+03
16	auth	0011_update_proxy_permissions	2025-05-08 09:46:20.870622+03
17	auth	0012_alter_user_first_name_max_length	2025-05-08 09:46:20.877471+03
18	authtoken	0001_initial	2025-05-08 09:46:20.890515+03
19	authtoken	0002_auto_20160226_1747	2025-05-08 09:46:20.944782+03
20	authtoken	0003_tokenproxy	2025-05-08 09:46:20.946837+03
21	authtoken	0004_alter_tokenproxy_options	2025-05-08 09:46:20.951055+03
22	dosyalar	0001_initial	2025-05-08 09:46:20.998351+03
23	dosyalar	0002_dosya_engel_durumu	2025-05-08 09:46:21.004542+03
24	dosyalar	0003_remove_dosya_engel_durumu_and_more	2025-05-08 09:46:21.014596+03
25	dosyalar	0004_maddiyardim	2025-05-08 09:46:21.031228+03
26	dosyalar	0005_auto_20250502_0855	2025-05-08 09:46:21.032275+03
27	dosyalar	0006_remove_maddiyardim_dosya_maddiyardim_dosyalar_and_more	2025-05-08 09:46:21.077624+03
28	dosyalar	0007_dosyatutari	2025-05-08 09:46:21.097382+03
29	dosyalar	0008_sahsiyardim_sahsiyardimci	2025-05-08 09:46:21.135803+03
30	dosyalar	0009_manuelaile	2025-05-08 09:46:21.154991+03
31	dosyalar	0010_alter_dosyatutari_unique_together_and_more	2025-05-08 09:46:21.235676+03
32	dosyalar	0011_remove_maddiyardim_manuel_aileler_and_more	2025-05-08 09:46:21.277677+03
33	dosyalar	0012_manuelmaddiyardim	2025-05-08 09:46:21.288665+03
34	dosyalar	0009_alter_dosyatutari_dosya_alter_maddiyardim_dosyalar	2025-05-08 09:46:21.317474+03
35	dosyalar	0013_merge_20250506_1304	2025-05-08 09:46:21.319021+03
36	dosyalar	0014_remove_aile_bilgileri	2025-05-08 09:46:21.321605+03
37	dosyalar	0015_ailebilgisi	2025-05-08 09:46:21.344096+03
38	dosyalar	0016_manuelmaddiyardimkayit	2025-05-08 09:46:21.365086+03
39	dosyalar	0017_alter_maddiyardim_options_and_more	2025-05-08 09:46:21.410772+03
40	dosyalar	0018_alter_maddiyardim_tutar	2025-05-08 09:46:21.415935+03
41	dosyalar	0019_alter_maddiyardim_tutar	2025-05-08 09:46:21.419023+03
42	sessions	0001_initial	2025-05-08 09:46:21.427348+03
\.


--
-- Data for Name: django_session; Type: TABLE DATA; Schema: public; Owner: postgres
--

COPY public.django_session (session_key, session_data, expire_date) FROM stdin;
gm9mogvgc8bngdd578944tys5wofvu8d	.eJxVjEsOwjAMBe-SNYpqkjgOS_Y9Q-U4Di2gVupnhbg7VOoCtm9m3st0vK19ty06d0MxFwPm9LtlloeOOyh3Hm-TlWlc5yHbXbEHXWw7FX1eD_fvoOel_9aUMCoqCUKqIDGTRAk-CGNGBcpVgkspsQ8Qg09ADOpC0zg8U22ieX8A2jY3Bg:1uCvGt:iUEiTnoaBJ3VQuQVK1owYRisBUch0yKNdLRU0VG6nXc	2025-05-22 10:02:19.801611+03
\.


--
-- Data for Name: dosyalar; Type: TABLE DATA; Schema: public; Owner: postgres
--

COPY public.dosyalar (id, dosya_no, kayit_tarihi, ad, soyad, kimlik_no, profil_resmi, uyruk, telefon, ilce, mahalle, cadde_sokak, bina_no, daire_no, kira_durumu, gelir_durumu, dolduran_kisi, iban, yardim_aldigi_yerler, durum, notlar, guncellenme_tarihi, silinme_tarihi, is_deleted) FROM stdin;
1	1	2025-05-08	asdfasdfasdf	asdfasdfasdf	456465456456		TC	54656456456	Yeni Mahalle	asdf	asdfsadf	7	7	EV_SAHIBI	221212.00	faruk	TR54 6546 5456 4655	asdfsadfadsf	BEKLEMEDE	\N	2025-05-08 10:26:24.834707+03	2025-05-08 10:26:24.834707+03	t
\.


--
-- Data for Name: dosyalar_dosyatutari; Type: TABLE DATA; Schema: public; Owner: postgres
--

COPY public.dosyalar_dosyatutari (id, tutar, dosya_id, maddi_yardim_id) FROM stdin;
\.


--
-- Data for Name: dosyalar_maddiyardim; Type: TABLE DATA; Schema: public; Owner: postgres
--

COPY public.dosyalar_maddiyardim (id, tutar, aciklama, created_at, updated_at, yardim_yapan_ad_soyad, yardim_yapan_telefon, yardim_tutar) FROM stdin;
\.


--
-- Data for Name: dosyalar_manuelmaddiyardim; Type: TABLE DATA; Schema: public; Owner: postgres
--

COPY public.dosyalar_manuelmaddiyardim (id, ad_soyad, telefon, adres, tutar, aciklama, created_at, updated_at) FROM stdin;
\.


--
-- Data for Name: dosyalar_sahsiyardim; Type: TABLE DATA; Schema: public; Owner: postgres
--

COPY public.dosyalar_sahsiyardim (id, yardim_tipi, ad_soyad, telefon, grup_uye_sayisi, created_at, updated_at) FROM stdin;
\.


--
-- Data for Name: dosyalar_sahsiyardim_dosyalar; Type: TABLE DATA; Schema: public; Owner: postgres
--

COPY public.dosyalar_sahsiyardim_dosyalar (id, sahsiyardim_id, dosya_id) FROM stdin;
\.


--
-- Data for Name: dosyalar_sahsiyardimci; Type: TABLE DATA; Schema: public; Owner: postgres
--

COPY public.dosyalar_sahsiyardimci (id, ad_soyad, telefon, yardim_id) FROM stdin;
\.


--
-- Data for Name: durum_degisiklikleri; Type: TABLE DATA; Schema: public; Owner: postgres
--

COPY public.durum_degisiklikleri (id, eski_durum, yeni_durum, degisiklik_tarihi, aciklama, degistiren_id, dosya_id) FROM stdin;
\.


--
-- Data for Name: manuel_maddi_yardim_kayitlar; Type: TABLE DATA; Schema: public; Owner: postgres
--

COPY public.manuel_maddi_yardim_kayitlar (id, ad_soyad, tc_kimlik, telefon, adres, tutar, aciklama, created_at, updated_at, maddi_yardim_id) FROM stdin;
\.


--
-- Name: aile_bilgileri_id_seq; Type: SEQUENCE SET; Schema: public; Owner: postgres
--

SELECT pg_catalog.setval('public.aile_bilgileri_id_seq', 1, false);


--
-- Name: auth_group_id_seq; Type: SEQUENCE SET; Schema: public; Owner: postgres
--

SELECT pg_catalog.setval('public.auth_group_id_seq', 1, false);


--
-- Name: auth_group_permissions_id_seq; Type: SEQUENCE SET; Schema: public; Owner: postgres
--

SELECT pg_catalog.setval('public.auth_group_permissions_id_seq', 1, false);


--
-- Name: auth_permission_id_seq; Type: SEQUENCE SET; Schema: public; Owner: postgres
--

SELECT pg_catalog.setval('public.auth_permission_id_seq', 72, true);


--
-- Name: auth_user_groups_id_seq; Type: SEQUENCE SET; Schema: public; Owner: postgres
--

SELECT pg_catalog.setval('public.auth_user_groups_id_seq', 1, false);


--
-- Name: auth_user_id_seq; Type: SEQUENCE SET; Schema: public; Owner: postgres
--

SELECT pg_catalog.setval('public.auth_user_id_seq', 2, true);


--
-- Name: auth_user_user_permissions_id_seq; Type: SEQUENCE SET; Schema: public; Owner: postgres
--

SELECT pg_catalog.setval('public.auth_user_user_permissions_id_seq', 1, false);


--
-- Name: belgeler_id_seq; Type: SEQUENCE SET; Schema: public; Owner: postgres
--

SELECT pg_catalog.setval('public.belgeler_id_seq', 1, false);


--
-- Name: django_admin_log_id_seq; Type: SEQUENCE SET; Schema: public; Owner: postgres
--

SELECT pg_catalog.setval('public.django_admin_log_id_seq', 1, false);


--
-- Name: django_content_type_id_seq; Type: SEQUENCE SET; Schema: public; Owner: postgres
--

SELECT pg_catalog.setval('public.django_content_type_id_seq', 18, true);


--
-- Name: django_migrations_id_seq; Type: SEQUENCE SET; Schema: public; Owner: postgres
--

SELECT pg_catalog.setval('public.django_migrations_id_seq', 42, true);


--
-- Name: dosyalar_dosyatutari_id_seq; Type: SEQUENCE SET; Schema: public; Owner: postgres
--

SELECT pg_catalog.setval('public.dosyalar_dosyatutari_id_seq', 1, false);


--
-- Name: dosyalar_id_seq; Type: SEQUENCE SET; Schema: public; Owner: postgres
--

SELECT pg_catalog.setval('public.dosyalar_id_seq', 1, true);


--
-- Name: dosyalar_maddiyardim_id_seq; Type: SEQUENCE SET; Schema: public; Owner: postgres
--

SELECT pg_catalog.setval('public.dosyalar_maddiyardim_id_seq', 1, false);


--
-- Name: dosyalar_manuelmaddiyardim_id_seq; Type: SEQUENCE SET; Schema: public; Owner: postgres
--

SELECT pg_catalog.setval('public.dosyalar_manuelmaddiyardim_id_seq', 1, false);


--
-- Name: dosyalar_sahsiyardim_dosyalar_id_seq; Type: SEQUENCE SET; Schema: public; Owner: postgres
--

SELECT pg_catalog.setval('public.dosyalar_sahsiyardim_dosyalar_id_seq', 1, false);


--
-- Name: dosyalar_sahsiyardim_id_seq; Type: SEQUENCE SET; Schema: public; Owner: postgres
--

SELECT pg_catalog.setval('public.dosyalar_sahsiyardim_id_seq', 1, false);


--
-- Name: dosyalar_sahsiyardimci_id_seq; Type: SEQUENCE SET; Schema: public; Owner: postgres
--

SELECT pg_catalog.setval('public.dosyalar_sahsiyardimci_id_seq', 1, false);


--
-- Name: durum_degisiklikleri_id_seq; Type: SEQUENCE SET; Schema: public; Owner: postgres
--

SELECT pg_catalog.setval('public.durum_degisiklikleri_id_seq', 1, false);


--
-- Name: manuel_maddi_yardim_kayitlar_id_seq; Type: SEQUENCE SET; Schema: public; Owner: postgres
--

SELECT pg_catalog.setval('public.manuel_maddi_yardim_kayitlar_id_seq', 1, false);


--
-- Name: aile_bilgileri aile_bilgileri_pkey; Type: CONSTRAINT; Schema: public; Owner: postgres
--

ALTER TABLE ONLY public.aile_bilgileri
    ADD CONSTRAINT aile_bilgileri_pkey PRIMARY KEY (id);


--
-- Name: auth_group auth_group_name_key; Type: CONSTRAINT; Schema: public; Owner: postgres
--

ALTER TABLE ONLY public.auth_group
    ADD CONSTRAINT auth_group_name_key UNIQUE (name);


--
-- Name: auth_group_permissions auth_group_permissions_group_id_permission_id_0cd325b0_uniq; Type: CONSTRAINT; Schema: public; Owner: postgres
--

ALTER TABLE ONLY public.auth_group_permissions
    ADD CONSTRAINT auth_group_permissions_group_id_permission_id_0cd325b0_uniq UNIQUE (group_id, permission_id);


--
-- Name: auth_group_permissions auth_group_permissions_pkey; Type: CONSTRAINT; Schema: public; Owner: postgres
--

ALTER TABLE ONLY public.auth_group_permissions
    ADD CONSTRAINT auth_group_permissions_pkey PRIMARY KEY (id);


--
-- Name: auth_group auth_group_pkey; Type: CONSTRAINT; Schema: public; Owner: postgres
--

ALTER TABLE ONLY public.auth_group
    ADD CONSTRAINT auth_group_pkey PRIMARY KEY (id);


--
-- Name: auth_permission auth_permission_content_type_id_codename_01ab375a_uniq; Type: CONSTRAINT; Schema: public; Owner: postgres
--

ALTER TABLE ONLY public.auth_permission
    ADD CONSTRAINT auth_permission_content_type_id_codename_01ab375a_uniq UNIQUE (content_type_id, codename);


--
-- Name: auth_permission auth_permission_pkey; Type: CONSTRAINT; Schema: public; Owner: postgres
--

ALTER TABLE ONLY public.auth_permission
    ADD CONSTRAINT auth_permission_pkey PRIMARY KEY (id);


--
-- Name: auth_user_groups auth_user_groups_pkey; Type: CONSTRAINT; Schema: public; Owner: postgres
--

ALTER TABLE ONLY public.auth_user_groups
    ADD CONSTRAINT auth_user_groups_pkey PRIMARY KEY (id);


--
-- Name: auth_user_groups auth_user_groups_user_id_group_id_94350c0c_uniq; Type: CONSTRAINT; Schema: public; Owner: postgres
--

ALTER TABLE ONLY public.auth_user_groups
    ADD CONSTRAINT auth_user_groups_user_id_group_id_94350c0c_uniq UNIQUE (user_id, group_id);


--
-- Name: auth_user auth_user_pkey; Type: CONSTRAINT; Schema: public; Owner: postgres
--

ALTER TABLE ONLY public.auth_user
    ADD CONSTRAINT auth_user_pkey PRIMARY KEY (id);


--
-- Name: auth_user_user_permissions auth_user_user_permissions_pkey; Type: CONSTRAINT; Schema: public; Owner: postgres
--

ALTER TABLE ONLY public.auth_user_user_permissions
    ADD CONSTRAINT auth_user_user_permissions_pkey PRIMARY KEY (id);


--
-- Name: auth_user_user_permissions auth_user_user_permissions_user_id_permission_id_14a6b632_uniq; Type: CONSTRAINT; Schema: public; Owner: postgres
--

ALTER TABLE ONLY public.auth_user_user_permissions
    ADD CONSTRAINT auth_user_user_permissions_user_id_permission_id_14a6b632_uniq UNIQUE (user_id, permission_id);


--
-- Name: auth_user auth_user_username_key; Type: CONSTRAINT; Schema: public; Owner: postgres
--

ALTER TABLE ONLY public.auth_user
    ADD CONSTRAINT auth_user_username_key UNIQUE (username);


--
-- Name: authtoken_token authtoken_token_pkey; Type: CONSTRAINT; Schema: public; Owner: postgres
--

ALTER TABLE ONLY public.authtoken_token
    ADD CONSTRAINT authtoken_token_pkey PRIMARY KEY (key);


--
-- Name: authtoken_token authtoken_token_user_id_key; Type: CONSTRAINT; Schema: public; Owner: postgres
--

ALTER TABLE ONLY public.authtoken_token
    ADD CONSTRAINT authtoken_token_user_id_key UNIQUE (user_id);


--
-- Name: belgeler belgeler_dosya_id_belge_turu_432b0a3c_uniq; Type: CONSTRAINT; Schema: public; Owner: postgres
--

ALTER TABLE ONLY public.belgeler
    ADD CONSTRAINT belgeler_dosya_id_belge_turu_432b0a3c_uniq UNIQUE (dosya_id, belge_turu);


--
-- Name: belgeler belgeler_pkey; Type: CONSTRAINT; Schema: public; Owner: postgres
--

ALTER TABLE ONLY public.belgeler
    ADD CONSTRAINT belgeler_pkey PRIMARY KEY (id);


--
-- Name: django_admin_log django_admin_log_pkey; Type: CONSTRAINT; Schema: public; Owner: postgres
--

ALTER TABLE ONLY public.django_admin_log
    ADD CONSTRAINT django_admin_log_pkey PRIMARY KEY (id);


--
-- Name: django_content_type django_content_type_app_label_model_76bd3d3b_uniq; Type: CONSTRAINT; Schema: public; Owner: postgres
--

ALTER TABLE ONLY public.django_content_type
    ADD CONSTRAINT django_content_type_app_label_model_76bd3d3b_uniq UNIQUE (app_label, model);


--
-- Name: django_content_type django_content_type_pkey; Type: CONSTRAINT; Schema: public; Owner: postgres
--

ALTER TABLE ONLY public.django_content_type
    ADD CONSTRAINT django_content_type_pkey PRIMARY KEY (id);


--
-- Name: django_migrations django_migrations_pkey; Type: CONSTRAINT; Schema: public; Owner: postgres
--

ALTER TABLE ONLY public.django_migrations
    ADD CONSTRAINT django_migrations_pkey PRIMARY KEY (id);


--
-- Name: django_session django_session_pkey; Type: CONSTRAINT; Schema: public; Owner: postgres
--

ALTER TABLE ONLY public.django_session
    ADD CONSTRAINT django_session_pkey PRIMARY KEY (session_key);


--
-- Name: dosyalar dosyalar_dosya_no_key; Type: CONSTRAINT; Schema: public; Owner: postgres
--

ALTER TABLE ONLY public.dosyalar
    ADD CONSTRAINT dosyalar_dosya_no_key UNIQUE (dosya_no);


--
-- Name: dosyalar_dosyatutari dosyalar_dosyatutari_maddi_yardim_id_dosya_id_a1f6a0d7_uniq; Type: CONSTRAINT; Schema: public; Owner: postgres
--

ALTER TABLE ONLY public.dosyalar_dosyatutari
    ADD CONSTRAINT dosyalar_dosyatutari_maddi_yardim_id_dosya_id_a1f6a0d7_uniq UNIQUE (maddi_yardim_id, dosya_id);


--
-- Name: dosyalar_dosyatutari dosyalar_dosyatutari_pkey; Type: CONSTRAINT; Schema: public; Owner: postgres
--

ALTER TABLE ONLY public.dosyalar_dosyatutari
    ADD CONSTRAINT dosyalar_dosyatutari_pkey PRIMARY KEY (id);


--
-- Name: dosyalar_maddiyardim dosyalar_maddiyardim_pkey; Type: CONSTRAINT; Schema: public; Owner: postgres
--

ALTER TABLE ONLY public.dosyalar_maddiyardim
    ADD CONSTRAINT dosyalar_maddiyardim_pkey PRIMARY KEY (id);


--
-- Name: dosyalar_manuelmaddiyardim dosyalar_manuelmaddiyardim_pkey; Type: CONSTRAINT; Schema: public; Owner: postgres
--

ALTER TABLE ONLY public.dosyalar_manuelmaddiyardim
    ADD CONSTRAINT dosyalar_manuelmaddiyardim_pkey PRIMARY KEY (id);


--
-- Name: dosyalar dosyalar_pkey; Type: CONSTRAINT; Schema: public; Owner: postgres
--

ALTER TABLE ONLY public.dosyalar
    ADD CONSTRAINT dosyalar_pkey PRIMARY KEY (id);


--
-- Name: dosyalar_sahsiyardim_dosyalar dosyalar_sahsiyardim_dos_sahsiyardim_id_dosya_id_019a4934_uniq; Type: CONSTRAINT; Schema: public; Owner: postgres
--

ALTER TABLE ONLY public.dosyalar_sahsiyardim_dosyalar
    ADD CONSTRAINT dosyalar_sahsiyardim_dos_sahsiyardim_id_dosya_id_019a4934_uniq UNIQUE (sahsiyardim_id, dosya_id);


--
-- Name: dosyalar_sahsiyardim_dosyalar dosyalar_sahsiyardim_dosyalar_pkey; Type: CONSTRAINT; Schema: public; Owner: postgres
--

ALTER TABLE ONLY public.dosyalar_sahsiyardim_dosyalar
    ADD CONSTRAINT dosyalar_sahsiyardim_dosyalar_pkey PRIMARY KEY (id);


--
-- Name: dosyalar_sahsiyardim dosyalar_sahsiyardim_pkey; Type: CONSTRAINT; Schema: public; Owner: postgres
--

ALTER TABLE ONLY public.dosyalar_sahsiyardim
    ADD CONSTRAINT dosyalar_sahsiyardim_pkey PRIMARY KEY (id);


--
-- Name: dosyalar_sahsiyardimci dosyalar_sahsiyardimci_pkey; Type: CONSTRAINT; Schema: public; Owner: postgres
--

ALTER TABLE ONLY public.dosyalar_sahsiyardimci
    ADD CONSTRAINT dosyalar_sahsiyardimci_pkey PRIMARY KEY (id);


--
-- Name: durum_degisiklikleri durum_degisiklikleri_pkey; Type: CONSTRAINT; Schema: public; Owner: postgres
--

ALTER TABLE ONLY public.durum_degisiklikleri
    ADD CONSTRAINT durum_degisiklikleri_pkey PRIMARY KEY (id);


--
-- Name: manuel_maddi_yardim_kayitlar manuel_maddi_yardim_kayitlar_pkey; Type: CONSTRAINT; Schema: public; Owner: postgres
--

ALTER TABLE ONLY public.manuel_maddi_yardim_kayitlar
    ADD CONSTRAINT manuel_maddi_yardim_kayitlar_pkey PRIMARY KEY (id);


--
-- Name: aile_bilgileri_dosya_id_d5efd635; Type: INDEX; Schema: public; Owner: postgres
--

CREATE INDEX aile_bilgileri_dosya_id_d5efd635 ON public.aile_bilgileri USING btree (dosya_id);


--
-- Name: auth_group_name_a6ea08ec_like; Type: INDEX; Schema: public; Owner: postgres
--

CREATE INDEX auth_group_name_a6ea08ec_like ON public.auth_group USING btree (name varchar_pattern_ops);


--
-- Name: auth_group_permissions_group_id_b120cbf9; Type: INDEX; Schema: public; Owner: postgres
--

CREATE INDEX auth_group_permissions_group_id_b120cbf9 ON public.auth_group_permissions USING btree (group_id);


--
-- Name: auth_group_permissions_permission_id_84c5c92e; Type: INDEX; Schema: public; Owner: postgres
--

CREATE INDEX auth_group_permissions_permission_id_84c5c92e ON public.auth_group_permissions USING btree (permission_id);


--
-- Name: auth_permission_content_type_id_2f476e4b; Type: INDEX; Schema: public; Owner: postgres
--

CREATE INDEX auth_permission_content_type_id_2f476e4b ON public.auth_permission USING btree (content_type_id);


--
-- Name: auth_user_groups_group_id_97559544; Type: INDEX; Schema: public; Owner: postgres
--

CREATE INDEX auth_user_groups_group_id_97559544 ON public.auth_user_groups USING btree (group_id);


--
-- Name: auth_user_groups_user_id_6a12ed8b; Type: INDEX; Schema: public; Owner: postgres
--

CREATE INDEX auth_user_groups_user_id_6a12ed8b ON public.auth_user_groups USING btree (user_id);


--
-- Name: auth_user_user_permissions_permission_id_1fbb5f2c; Type: INDEX; Schema: public; Owner: postgres
--

CREATE INDEX auth_user_user_permissions_permission_id_1fbb5f2c ON public.auth_user_user_permissions USING btree (permission_id);


--
-- Name: auth_user_user_permissions_user_id_a95ead1b; Type: INDEX; Schema: public; Owner: postgres
--

CREATE INDEX auth_user_user_permissions_user_id_a95ead1b ON public.auth_user_user_permissions USING btree (user_id);


--
-- Name: auth_user_username_6821ab7c_like; Type: INDEX; Schema: public; Owner: postgres
--

CREATE INDEX auth_user_username_6821ab7c_like ON public.auth_user USING btree (username varchar_pattern_ops);


--
-- Name: authtoken_token_key_10f0b77e_like; Type: INDEX; Schema: public; Owner: postgres
--

CREATE INDEX authtoken_token_key_10f0b77e_like ON public.authtoken_token USING btree (key varchar_pattern_ops);


--
-- Name: belgeler_dosya_id_1a973de6; Type: INDEX; Schema: public; Owner: postgres
--

CREATE INDEX belgeler_dosya_id_1a973de6 ON public.belgeler USING btree (dosya_id);


--
-- Name: django_admin_log_content_type_id_c4bce8eb; Type: INDEX; Schema: public; Owner: postgres
--

CREATE INDEX django_admin_log_content_type_id_c4bce8eb ON public.django_admin_log USING btree (content_type_id);


--
-- Name: django_admin_log_user_id_c564eba6; Type: INDEX; Schema: public; Owner: postgres
--

CREATE INDEX django_admin_log_user_id_c564eba6 ON public.django_admin_log USING btree (user_id);


--
-- Name: django_session_expire_date_a5c62663; Type: INDEX; Schema: public; Owner: postgres
--

CREATE INDEX django_session_expire_date_a5c62663 ON public.django_session USING btree (expire_date);


--
-- Name: django_session_session_key_c0390e0f_like; Type: INDEX; Schema: public; Owner: postgres
--

CREATE INDEX django_session_session_key_c0390e0f_like ON public.django_session USING btree (session_key varchar_pattern_ops);


--
-- Name: dosyalar_dosyatutari_dosya_id_f04132cb; Type: INDEX; Schema: public; Owner: postgres
--

CREATE INDEX dosyalar_dosyatutari_dosya_id_f04132cb ON public.dosyalar_dosyatutari USING btree (dosya_id);


--
-- Name: dosyalar_dosyatutari_maddi_yardim_id_18b0f608; Type: INDEX; Schema: public; Owner: postgres
--

CREATE INDEX dosyalar_dosyatutari_maddi_yardim_id_18b0f608 ON public.dosyalar_dosyatutari USING btree (maddi_yardim_id);


--
-- Name: dosyalar_sahsiyardim_dosyalar_dosya_id_71b8a5d9; Type: INDEX; Schema: public; Owner: postgres
--

CREATE INDEX dosyalar_sahsiyardim_dosyalar_dosya_id_71b8a5d9 ON public.dosyalar_sahsiyardim_dosyalar USING btree (dosya_id);


--
-- Name: dosyalar_sahsiyardim_dosyalar_sahsiyardim_id_10c5118d; Type: INDEX; Schema: public; Owner: postgres
--

CREATE INDEX dosyalar_sahsiyardim_dosyalar_sahsiyardim_id_10c5118d ON public.dosyalar_sahsiyardim_dosyalar USING btree (sahsiyardim_id);


--
-- Name: dosyalar_sahsiyardimci_yardim_id_61dae261; Type: INDEX; Schema: public; Owner: postgres
--

CREATE INDEX dosyalar_sahsiyardimci_yardim_id_61dae261 ON public.dosyalar_sahsiyardimci USING btree (yardim_id);


--
-- Name: durum_degisiklikleri_degistiren_id_3c44958e; Type: INDEX; Schema: public; Owner: postgres
--

CREATE INDEX durum_degisiklikleri_degistiren_id_3c44958e ON public.durum_degisiklikleri USING btree (degistiren_id);


--
-- Name: durum_degisiklikleri_dosya_id_7da444f7; Type: INDEX; Schema: public; Owner: postgres
--

CREATE INDEX durum_degisiklikleri_dosya_id_7da444f7 ON public.durum_degisiklikleri USING btree (dosya_id);


--
-- Name: manuel_maddi_yardim_kayitlar_maddi_yardim_id_e2a864da; Type: INDEX; Schema: public; Owner: postgres
--

CREATE INDEX manuel_maddi_yardim_kayitlar_maddi_yardim_id_e2a864da ON public.manuel_maddi_yardim_kayitlar USING btree (maddi_yardim_id);


--
-- Name: aile_bilgileri aile_bilgileri_dosya_id_d5efd635_fk_dosyalar_id; Type: FK CONSTRAINT; Schema: public; Owner: postgres
--

ALTER TABLE ONLY public.aile_bilgileri
    ADD CONSTRAINT aile_bilgileri_dosya_id_d5efd635_fk_dosyalar_id FOREIGN KEY (dosya_id) REFERENCES public.dosyalar(id) DEFERRABLE INITIALLY DEFERRED;


--
-- Name: auth_group_permissions auth_group_permissio_permission_id_84c5c92e_fk_auth_perm; Type: FK CONSTRAINT; Schema: public; Owner: postgres
--

ALTER TABLE ONLY public.auth_group_permissions
    ADD CONSTRAINT auth_group_permissio_permission_id_84c5c92e_fk_auth_perm FOREIGN KEY (permission_id) REFERENCES public.auth_permission(id) DEFERRABLE INITIALLY DEFERRED;


--
-- Name: auth_group_permissions auth_group_permissions_group_id_b120cbf9_fk_auth_group_id; Type: FK CONSTRAINT; Schema: public; Owner: postgres
--

ALTER TABLE ONLY public.auth_group_permissions
    ADD CONSTRAINT auth_group_permissions_group_id_b120cbf9_fk_auth_group_id FOREIGN KEY (group_id) REFERENCES public.auth_group(id) DEFERRABLE INITIALLY DEFERRED;


--
-- Name: auth_permission auth_permission_content_type_id_2f476e4b_fk_django_co; Type: FK CONSTRAINT; Schema: public; Owner: postgres
--

ALTER TABLE ONLY public.auth_permission
    ADD CONSTRAINT auth_permission_content_type_id_2f476e4b_fk_django_co FOREIGN KEY (content_type_id) REFERENCES public.django_content_type(id) DEFERRABLE INITIALLY DEFERRED;


--
-- Name: auth_user_groups auth_user_groups_group_id_97559544_fk_auth_group_id; Type: FK CONSTRAINT; Schema: public; Owner: postgres
--

ALTER TABLE ONLY public.auth_user_groups
    ADD CONSTRAINT auth_user_groups_group_id_97559544_fk_auth_group_id FOREIGN KEY (group_id) REFERENCES public.auth_group(id) DEFERRABLE INITIALLY DEFERRED;


--
-- Name: auth_user_groups auth_user_groups_user_id_6a12ed8b_fk_auth_user_id; Type: FK CONSTRAINT; Schema: public; Owner: postgres
--

ALTER TABLE ONLY public.auth_user_groups
    ADD CONSTRAINT auth_user_groups_user_id_6a12ed8b_fk_auth_user_id FOREIGN KEY (user_id) REFERENCES public.auth_user(id) DEFERRABLE INITIALLY DEFERRED;


--
-- Name: auth_user_user_permissions auth_user_user_permi_permission_id_1fbb5f2c_fk_auth_perm; Type: FK CONSTRAINT; Schema: public; Owner: postgres
--

ALTER TABLE ONLY public.auth_user_user_permissions
    ADD CONSTRAINT auth_user_user_permi_permission_id_1fbb5f2c_fk_auth_perm FOREIGN KEY (permission_id) REFERENCES public.auth_permission(id) DEFERRABLE INITIALLY DEFERRED;


--
-- Name: auth_user_user_permissions auth_user_user_permissions_user_id_a95ead1b_fk_auth_user_id; Type: FK CONSTRAINT; Schema: public; Owner: postgres
--

ALTER TABLE ONLY public.auth_user_user_permissions
    ADD CONSTRAINT auth_user_user_permissions_user_id_a95ead1b_fk_auth_user_id FOREIGN KEY (user_id) REFERENCES public.auth_user(id) DEFERRABLE INITIALLY DEFERRED;


--
-- Name: authtoken_token authtoken_token_user_id_35299eff_fk_auth_user_id; Type: FK CONSTRAINT; Schema: public; Owner: postgres
--

ALTER TABLE ONLY public.authtoken_token
    ADD CONSTRAINT authtoken_token_user_id_35299eff_fk_auth_user_id FOREIGN KEY (user_id) REFERENCES public.auth_user(id) DEFERRABLE INITIALLY DEFERRED;


--
-- Name: belgeler belgeler_dosya_id_1a973de6_fk_dosyalar_id; Type: FK CONSTRAINT; Schema: public; Owner: postgres
--

ALTER TABLE ONLY public.belgeler
    ADD CONSTRAINT belgeler_dosya_id_1a973de6_fk_dosyalar_id FOREIGN KEY (dosya_id) REFERENCES public.dosyalar(id) DEFERRABLE INITIALLY DEFERRED;


--
-- Name: django_admin_log django_admin_log_content_type_id_c4bce8eb_fk_django_co; Type: FK CONSTRAINT; Schema: public; Owner: postgres
--

ALTER TABLE ONLY public.django_admin_log
    ADD CONSTRAINT django_admin_log_content_type_id_c4bce8eb_fk_django_co FOREIGN KEY (content_type_id) REFERENCES public.django_content_type(id) DEFERRABLE INITIALLY DEFERRED;


--
-- Name: django_admin_log django_admin_log_user_id_c564eba6_fk_auth_user_id; Type: FK CONSTRAINT; Schema: public; Owner: postgres
--

ALTER TABLE ONLY public.django_admin_log
    ADD CONSTRAINT django_admin_log_user_id_c564eba6_fk_auth_user_id FOREIGN KEY (user_id) REFERENCES public.auth_user(id) DEFERRABLE INITIALLY DEFERRED;


--
-- Name: dosyalar_dosyatutari dosyalar_dosyatutari_dosya_id_f04132cb_fk_dosyalar_id; Type: FK CONSTRAINT; Schema: public; Owner: postgres
--

ALTER TABLE ONLY public.dosyalar_dosyatutari
    ADD CONSTRAINT dosyalar_dosyatutari_dosya_id_f04132cb_fk_dosyalar_id FOREIGN KEY (dosya_id) REFERENCES public.dosyalar(id) DEFERRABLE INITIALLY DEFERRED;


--
-- Name: dosyalar_dosyatutari dosyalar_dosyatutari_maddi_yardim_id_18b0f608_fk_dosyalar_; Type: FK CONSTRAINT; Schema: public; Owner: postgres
--

ALTER TABLE ONLY public.dosyalar_dosyatutari
    ADD CONSTRAINT dosyalar_dosyatutari_maddi_yardim_id_18b0f608_fk_dosyalar_ FOREIGN KEY (maddi_yardim_id) REFERENCES public.dosyalar_maddiyardim(id) DEFERRABLE INITIALLY DEFERRED;


--
-- Name: dosyalar_sahsiyardim_dosyalar dosyalar_sahsiyardim_dosyalar_dosya_id_71b8a5d9_fk_dosyalar_id; Type: FK CONSTRAINT; Schema: public; Owner: postgres
--

ALTER TABLE ONLY public.dosyalar_sahsiyardim_dosyalar
    ADD CONSTRAINT dosyalar_sahsiyardim_dosyalar_dosya_id_71b8a5d9_fk_dosyalar_id FOREIGN KEY (dosya_id) REFERENCES public.dosyalar(id) DEFERRABLE INITIALLY DEFERRED;


--
-- Name: dosyalar_sahsiyardim_dosyalar dosyalar_sahsiyardim_sahsiyardim_id_10c5118d_fk_dosyalar_; Type: FK CONSTRAINT; Schema: public; Owner: postgres
--

ALTER TABLE ONLY public.dosyalar_sahsiyardim_dosyalar
    ADD CONSTRAINT dosyalar_sahsiyardim_sahsiyardim_id_10c5118d_fk_dosyalar_ FOREIGN KEY (sahsiyardim_id) REFERENCES public.dosyalar_sahsiyardim(id) DEFERRABLE INITIALLY DEFERRED;


--
-- Name: dosyalar_sahsiyardimci dosyalar_sahsiyardim_yardim_id_61dae261_fk_dosyalar_; Type: FK CONSTRAINT; Schema: public; Owner: postgres
--

ALTER TABLE ONLY public.dosyalar_sahsiyardimci
    ADD CONSTRAINT dosyalar_sahsiyardim_yardim_id_61dae261_fk_dosyalar_ FOREIGN KEY (yardim_id) REFERENCES public.dosyalar_sahsiyardim(id) DEFERRABLE INITIALLY DEFERRED;


--
-- Name: durum_degisiklikleri durum_degisiklikleri_degistiren_id_3c44958e_fk_auth_user_id; Type: FK CONSTRAINT; Schema: public; Owner: postgres
--

ALTER TABLE ONLY public.durum_degisiklikleri
    ADD CONSTRAINT durum_degisiklikleri_degistiren_id_3c44958e_fk_auth_user_id FOREIGN KEY (degistiren_id) REFERENCES public.auth_user(id) DEFERRABLE INITIALLY DEFERRED;


--
-- Name: durum_degisiklikleri durum_degisiklikleri_dosya_id_7da444f7_fk_dosyalar_id; Type: FK CONSTRAINT; Schema: public; Owner: postgres
--

ALTER TABLE ONLY public.durum_degisiklikleri
    ADD CONSTRAINT durum_degisiklikleri_dosya_id_7da444f7_fk_dosyalar_id FOREIGN KEY (dosya_id) REFERENCES public.dosyalar(id) DEFERRABLE INITIALLY DEFERRED;


--
-- Name: manuel_maddi_yardim_kayitlar manuel_maddi_yardim__maddi_yardim_id_e2a864da_fk_dosyalar_; Type: FK CONSTRAINT; Schema: public; Owner: postgres
--

ALTER TABLE ONLY public.manuel_maddi_yardim_kayitlar
    ADD CONSTRAINT manuel_maddi_yardim__maddi_yardim_id_e2a864da_fk_dosyalar_ FOREIGN KEY (maddi_yardim_id) REFERENCES public.dosyalar_maddiyardim(id) DEFERRABLE INITIALLY DEFERRED;


--
-- PostgreSQL database dump complete
--

